Category,Skills,Education
ACCOUNTANT,,Education
ACCOUNTANT,,Education
ACCOUNTANT,,Education
ACCOUNTANT,,Education
ACCOUNTANT,,Education
ACCOUNTANT,,Education
ACCOUNTANT,,Education
ACCOUNTANT,,Education
ACCOUNTANT,,Education
ACCOUNTANT,,Education
ACCOUNTANT,,Education
ACCOUNTANT,,Education and Training
ACCOUNTANT,,Education
ACCOUNTANT,,Education and Training
ACCOUNTANT,,Education
ACCOUNTANT,,Education
ACCOUNTANT,,Education
ACCOUNTANT,,Education
ACCOUNTANT,,Education
ACCOUNTANT,,Education
ACCOUNTANT,,Education
ACCOUNTANT,,Education
ACCOUNTANT,,Education
ACCOUNTANT,,Education
ACCOUNTANT,,Education
ACCOUNTANT,Data Analysis,Education
ACCOUNTANT,,Education
ACCOUNTANT,,Education
ACCOUNTANT,,Education
ACCOUNTANT,,Education and Training
ACCOUNTANT,,Education
ACCOUNTANT,,Degree;Â  Emphasis in Business Administration
ACCOUNTANT,,Education and Training
ACCOUNTANT,,Education
ACCOUNTANT,,Education
ACCOUNTANT,,Education
ACCOUNTANT,,Education
ACCOUNTANT,,Education
ACCOUNTANT,,Education
ACCOUNTANT,,Education and Training
ACCOUNTANT,,Education
ACCOUNTANT,Data Analysis,Education and Training
ACCOUNTANT,,Education
ACCOUNTANT,,Education
ACCOUNTANT,,Education
ACCOUNTANT,,Education
ACCOUNTANT,,Education
ACCOUNTANT,,Education and Training
ACCOUNTANT,,"education, and abilities would be advantageous to the growth of my employer and my self. Profile"
ACCOUNTANT,,Education
ACCOUNTANT,,Education
ACCOUNTANT,,Education
ACCOUNTANT,,Education
ACCOUNTANT,,"Education, motivation and training of plant workforce."
ACCOUNTANT,,Education
ACCOUNTANT,,Education
ACCOUNTANT,,Education
ACCOUNTANT,,Education
ACCOUNTANT,,Education
ACCOUNTANT,,Education
ACCOUNTANT,,"education and life skills for at-risk youth. Assisted with staff hiring decisions and HR policies and procedures, including interview criteria, benefit"
ACCOUNTANT,,Education and Training
ACCOUNTANT,,Education and Training
ACCOUNTANT,,Education
ACCOUNTANT,,Education and Training
ACCOUNTANT,,Education
ACCOUNTANT,,Education
ACCOUNTANT,,Education
ACCOUNTANT,,Education and Training
ACCOUNTANT,,Education
ACCOUNTANT,,Education and Training
ACCOUNTANT,,Education
ACCOUNTANT,,Education
ACCOUNTANT,,Education and Training
ACCOUNTANT,,Education
ACCOUNTANT,,"education, professional experience, and skills become a positive feature to the company."
ACCOUNTANT,,Education
ACCOUNTANT,,Education and Training
ACCOUNTANT,,Education and Training
ACCOUNTANT,,education to maximize my full
ACCOUNTANT,,Education
ACCOUNTANT,,Education
ACCOUNTANT,,Education
ACCOUNTANT,,Education and Training
ACCOUNTANT,,Education
ACCOUNTANT,,Education
ACCOUNTANT,,Education
ACCOUNTANT,,Education
ACCOUNTANT,,Education
ACCOUNTANT,,Education
ACCOUNTANT,,Education
ACCOUNTANT,,Education and Training
ACCOUNTANT,,Education Center (MRGB AHEC) Executive
ACCOUNTANT,,Education and Training
ACCOUNTANT,,Education
ACCOUNTANT,,Education
ACCOUNTANT,,Education
ACCOUNTANT,,Education
ACCOUNTANT,Data Analysis,Education
ACCOUNTANT,,"educational workshops, reviewing professional publications, establishing"
ACCOUNTANT,Data Analysis,education professional driven to inspire students to achieve personal and academic success.
ACCOUNTANT,,Education
ACCOUNTANT,,Education
ACCOUNTANT,,Education
ACCOUNTANT,,"education of newer team members as well as for the guidance of longer term team members, performance management of staff and monthly"
ACCOUNTANT,,Education
ACCOUNTANT,,Education
ACCOUNTANT,,Education
ACCOUNTANT,,Education
ACCOUNTANT,,Education
ACCOUNTANT,,Education
ACCOUNTANT,,Education
ACCOUNTANT,,Education
ACCOUNTANT,,Education
ACCOUNTANT,,education and work experiences while continuing to expand my
ACCOUNTANT,,Education
ACCOUNTANT,,Education
ACCOUNTANT,,Education
ADVOCATE,,education and family reunification activities.
ADVOCATE,,Education
ADVOCATE,,Education
ADVOCATE,,Education
ADVOCATE,,Education and Training
ADVOCATE,,Education
ADVOCATE,,Education
ADVOCATE,Data Analysis,Education and Training
ADVOCATE,,educational and joyful experience. Balanced the needs of multiple customers simultaneously in a fast-paced retail environment.
ADVOCATE,,Education and Training
ADVOCATE,,Education and Training
ADVOCATE,,"education, management and marketing problems."
ADVOCATE,,Education and Training
ADVOCATE,,Education
ADVOCATE,,"educational opportunities, and experiential growth opportunities."
ADVOCATE,,Educational Background
ADVOCATE,,"education on victim's rights, victim's"
ADVOCATE,,education and status on previously submitted pre-authorizations or pre-determination requests.
ADVOCATE,,Education
ADVOCATE,,Education
ADVOCATE,,"educational law and advocacy for families with special needs children, two years"
ADVOCATE,,education opportunities
ADVOCATE,,"educational support groups consisting of 6Â to 10 clients focusing on coping skills, emotional regulation, and sexual abuse"
ADVOCATE,,Education
ADVOCATE,,Education
ADVOCATE,Data Analysis,"education.Â  Specialized training in pediatric primary care, chronic disease management, sports medicine,"
ADVOCATE,,Education
ADVOCATE,,Education and Training
ADVOCATE,,"education, clinical nutrition and exercise physiology."
ADVOCATE,,Education and Training
ADVOCATE,,educational training.
ADVOCATE,,Education and Training
ADVOCATE,,Education
ADVOCATE,,education and educational background of
ADVOCATE,,"education, mental health, etc. to the appropriate professionals."
ADVOCATE,,Education
ADVOCATE,,education related to wound care management.
ADVOCATE,,Education
ADVOCATE,,Education
ADVOCATE,,Education and Training
ADVOCATE,,"education module Compiled records, collects data, and prepares"
ADVOCATE,,Education
ADVOCATE,,Education
ADVOCATE,,Education
ADVOCATE,,Education
ADVOCATE,,"education, job training,"
ADVOCATE,,education department
ADVOCATE,,educational resources regarding interpersonal violence.
ADVOCATE,,Education and Training
ADVOCATE,,Education and Training
ADVOCATE,,Education
ADVOCATE,,Education
ADVOCATE,,Education tutoring for a child performer to make sure the child was able to keep up with their
ADVOCATE,,"education on procedures, medications and other physician instructions"
ADVOCATE,,Education and Training
ADVOCATE,,Education
ADVOCATE,,"educational and other informational resources Ensure that participating child medical, health and dental requirements are met Maintain"
ADVOCATE,,Education.
ADVOCATE,,Education
ADVOCATE,,education centers located in Long Island New
ADVOCATE,,Education
ADVOCATE,,Education
ADVOCATE,"Python, Java",education.
ADVOCATE,,Education and Training
ADVOCATE,,education situations.
ADVOCATE,,Education
ADVOCATE,,Educational Background
ADVOCATE,,Education Department of Kunduz Province in order to ensure security and implementation of infrastructure
ADVOCATE,,"Education Advocate 01/2009 to 01/2011 Company Name City , State"
ADVOCATE,,"Education Specialist/Customer Service Rep , 01/2009 to 01/2010 Company Name ï¼​ City , State"
ADVOCATE,,education. A respectful Family Advocate offering case management and crisis intervention skills.
ADVOCATE,,Education
ADVOCATE,,Education
ADVOCATE,,"education, administrative support and team leadership. Strengths: Proficient at written,"
ADVOCATE,,education
ADVOCATE,,"education by explaining to the parents that children's daily attendance is important to learning,"
ADVOCATE,,Educational Background
ADVOCATE,,Education
ADVOCATE,,Education
ADVOCATE,,Education and Training
ADVOCATE,,Education
ADVOCATE,,education and status on previously submitted pre-authorizations or pre-determination requests
ADVOCATE,,Education
ADVOCATE,,Education
ADVOCATE,,Education
ADVOCATE,,"education levels, physical abilities, and career goals."
ADVOCATE,,"education,"
ADVOCATE,,educational degree from Loyola University Chicago and estimated
ADVOCATE,,Education
ADVOCATE,,education will allow me to make an
ADVOCATE,,Education
ADVOCATE,,Education and Training
ADVOCATE,,Education
ADVOCATE,,Education and Training
ADVOCATE,Java,Education
ADVOCATE,,Education
ADVOCATE,,educational
ADVOCATE,,Education and Training
ADVOCATE,,education and status on previously submitted pre-authorizations or pre-determination requests.
ADVOCATE,,Education and Training
ADVOCATE,,Education and Training
ADVOCATE,,education courses to train peers in various skincare brands.
ADVOCATE,,
ADVOCATE,,educational/support when they occur
ADVOCATE,,Education
ADVOCATE,,Education
ADVOCATE,,Education
ADVOCATE,,Education and Training
ADVOCATE,,education efforts.
ADVOCATE,,Education
ADVOCATE,,Education
ADVOCATE,,Education
ADVOCATE,,Education
ADVOCATE,,educational and personal loans.
ADVOCATE,,education; provided training to new employees.
ADVOCATE,,Education
ADVOCATE,,"education,"
ADVOCATE,,Education and Training
AGRICULTURE,,Education and Training
AGRICULTURE,Data Analysis,Education
AGRICULTURE,,Education
AGRICULTURE,"Python, Java",Education and Training
AGRICULTURE,,EDUCATION OFFICER & SENIOR EDUCATION OFFICER GUIDANCE & COUNSELING UNIT
AGRICULTURE,,Education
AGRICULTURE,,Education
AGRICULTURE,,"Education Major. Army ROTC, and Kappa Delta Pi (Education) Honor Society"
AGRICULTURE,,Education and Training
AGRICULTURE,Data Analysis,Education
AGRICULTURE,,Education
AGRICULTURE,,Education
AGRICULTURE,,Education
AGRICULTURE,,educational and
AGRICULTURE,,Education and Training
AGRICULTURE,,Education and Training
AGRICULTURE,,Education
AGRICULTURE,,Education
AGRICULTURE,Data Analysis,Education
AGRICULTURE,,Education
AGRICULTURE,,Education and Training
AGRICULTURE,,Education
AGRICULTURE,,Education
AGRICULTURE,,Education
AGRICULTURE,,educational initiatives and grassroots-
AGRICULTURE,,Education
AGRICULTURE,,Education
AGRICULTURE,,education to
AGRICULTURE,"Java, Data Analysis",Education
AGRICULTURE,,Education
AGRICULTURE,,education provider and the other for test applications delivered by mail for
AGRICULTURE,,Education
AGRICULTURE,,education professional driven to inspire students to achieve personal and academic success.
AGRICULTURE,,Education
AGRICULTURE,,Education
AGRICULTURE,,Education
AGRICULTURE,,education and extension background in areas of youth development and adult agriculture advocacy
AGRICULTURE,,"educational services to children and adolescents with special learning, social adjustment,"
AGRICULTURE,,Education
AGRICULTURE,,educational materials used to inform policymakers and community stakeholders.
AGRICULTURE,,"Education Coordinator position with a company that will allow me to fully manage curriculum development, coordinate on the job"
AGRICULTURE,,Education
AGRICULTURE,,EDUCATION TEACHER
AGRICULTURE,,"education and practical arenas have made me a versatile, quickly trainable, innovative and result"
AGRICULTURE,,"education,"
AGRICULTURE,,Education
AGRICULTURE,,Education
AGRICULTURE,,EDUCATION INSTRUCTOR
AGRICULTURE,Data Analysis,educational levels for diverse audience. Created
AGRICULTURE,,Education and Training
AGRICULTURE,,Education
AGRICULTURE,,Education Program for Afghanistan Responsibilities: Prepare and implement plan for concerned areas and implement
AGRICULTURE,Data Analysis,Education in Geography and Urban Planning.
AGRICULTURE,,Education
AGRICULTURE,Data Analysis,Education
AGRICULTURE,"Python, Java",Education
AGRICULTURE,,Education)
AGRICULTURE,,Education
AGRICULTURE,,Education and Training
AGRICULTURE,,Educational Background
AGRICULTURE,,Education
AGRICULTURE,,Education and Training
AGRICULTURE,,education that will improve
APPAREL,,Education
APPAREL,,Education
APPAREL,,Educational Background
APPAREL,,Education
APPAREL,,Education
APPAREL,,education and work experience while gaining valuable work experience in a team-oriented work environment.
APPAREL,,Education
APPAREL,,Education
APPAREL,,Education
APPAREL,,Education
APPAREL,,Education
APPAREL,,Education
APPAREL,,Education
APPAREL,,Education and Training
APPAREL,,Education
APPAREL,,Education
APPAREL,,Education
APPAREL,,Education
APPAREL,,Education
APPAREL,,Education
APPAREL,,Education
APPAREL,,Education
APPAREL,,educational events.
APPAREL,,Education
APPAREL,,Education
APPAREL,,Education
APPAREL,,Education
APPAREL,,Education Undergraduate and Graduate programs.
APPAREL,,Education and Training
APPAREL,,Education
APPAREL,,Education
APPAREL,,Education
APPAREL,,Education
APPAREL,,Education
APPAREL,,Education and Training
APPAREL,,Education
APPAREL,,Education
APPAREL,,Education
APPAREL,,Education
APPAREL,,Education
APPAREL,,Education and Training
APPAREL,,Education and Training
APPAREL,,Education and Training
APPAREL,,Education and Credentials
APPAREL,,Education
APPAREL,,Education and Training
APPAREL,,Educational Background
APPAREL,,Education and Training
APPAREL,,Education
APPAREL,,Education
APPAREL,,Education
APPAREL,,Education
APPAREL,,Education
APPAREL,,Education and Training
APPAREL,,Education and Training
APPAREL,,Education
APPAREL,,Education
APPAREL,,Education
APPAREL,,"education, training, and monitoring of daily in-field performance."
APPAREL,,Education
APPAREL,,Education
APPAREL,Data Analysis,Education and Training
APPAREL,,Education and Training
APPAREL,,Education
APPAREL,,Education
APPAREL,,Education
APPAREL,,Education
APPAREL,,Education
APPAREL,,Educational Background
APPAREL,,Education
APPAREL,,Education
APPAREL,,Education and Training
APPAREL,,education to obtain placement in an agency that provides services to clients who are seeking treatment for substance
APPAREL,,Education
APPAREL,,Education
APPAREL,,Education
APPAREL,,Educational Consultant.
APPAREL,,Education
APPAREL,,Education
APPAREL,,Education
APPAREL,,Education
APPAREL,,education to company managers to enhance their skills.
APPAREL,,Education
APPAREL,,Education and Training
APPAREL,,Education
APPAREL,,Education
APPAREL,,education will allow me to make an immediate contribution as an integral
APPAREL,,education introductory course in computers.
APPAREL,Data Analysis,Education.
APPAREL,,education every year.
APPAREL,,Education
APPAREL,,educational tools.
APPAREL,,Education
APPAREL,,Education
APPAREL,,education on financial issues impacting budgets Market brand
APPAREL,,Education
APPAREL,,Education and Training
ARTS,Data Analysis,educational leader with 15+ years' experience fostering a cohesive student learning atmosphere conducive to learning.
ARTS,,Education and Training
ARTS,,Education
ARTS,,education. Demonstrated skill in individualizing instruction based on students'
ARTS,,Education
ARTS,,Education
ARTS,,"Education Art standards Taught visual arts, specializing in photography, serigraphy, ceramics, mural painting, mask making, glass mosaics"
ARTS,,Education Program goals.
ARTS,,education.
ARTS,,Education
ARTS,,Education
ARTS,,Education and Training
ARTS,,education. Proven expertise in establishing rapport and building trust
ARTS,,educational achievement of each student.
ARTS,,EDUCATION INTERN
ARTS,,Education
ARTS,,Education
ARTS,,educational leader and lifelong learner with effective communication skills and 10 years of experience. Builds
ARTS,,Education
ARTS,,Education and Training
ARTS,,Education and Training
ARTS,,Education
ARTS,,Education
ARTS,,Education
ARTS,,education system and educational testing standards.
ARTS,,education.
ARTS,,"Education Artist Company Name ï¼​ City , State"
ARTS,,Education
ARTS,,education.
ARTS,,Education
ARTS,,Education
ARTS,,education professional Â driven to inspire students to pursue academic and personal excellence. Strives to create a challenging and engaging
ARTS,,Education
ARTS,,educational plan while promoting multiculturalism in school activities; help with testing
ARTS,,Education
ARTS,,education. I prefer a position in Education or Management. So that I can utilize my skills gained during the
ARTS,,Educational Background
ARTS,,Education and Configuration to marketing and sales organizations to ensure that their investment in
ARTS,,Education
ARTS,,
ARTS,,Educational Administration
ARTS,,Education office.
ARTS,,Education
ARTS,,educational and emotional needs.
ARTS,,EDUCATIONAL AIDE
ARTS,,"education, quality assurance and performance improvement activities."
ARTS,Data Analysis,education to our researcher community through various
ARTS,,education students * Served on National Honor
ARTS,,Education
ARTS,,Education
ARTS,,"Education Curriculum Specialist, and instructional coach, providing on-site"
ARTS,,educational initiative to create additional tutoring tools and resources to address these challenges.
ARTS,,Education and Training
ARTS,,Education and Training
ARTS,Java,Education and Training
ARTS,,Education
ARTS,,Education
ARTS,,Education and Training
ARTS,,educational musical sales with a teaching passion that began with 6 plus years as an educator.
ARTS,,Education
ARTS,,Educational Theatre Association Member
ARTS,,"education, utilities, insurance, the"
ARTS,Java,Education
ARTS,,Education
ARTS,Data Analysis,educational institution.
ARTS,,Education
ARTS,,Education
ARTS,,Education K-5
ARTS,,EducationÂ
ARTS,,Education
ARTS,Java,education local congregations about HIV/AIDS.
ARTS,,Education
ARTS,,Education
ARTS,Data Analysis,education
ARTS,,Education
ARTS,,Education
ARTS,,Education professional driven to create an environment that promotes hands-on learning for children at all stages of the learning process.I have
ARTS,,education records and secured data.
ARTS,,"Education, skilled in designing curriculum for various faculty"
ARTS,,Education and Training
ARTS,,Education
ARTS,,education field. Four years of experience teaching art throughout Caddo Parish.
ARTS,,Education
ARTS,,Education
ARTS,,educational background and the passion to work well with others. I am a
ARTS,,education specialist within a school that is dedicated to the academic and socio-
ARTS,,Education
ARTS,,education and certification in Network Management at Western Governors University. My main professional goal is to become a network
ARTS,,Educational Leadership
ARTS,,education to a culturally diverse audience. Highly qualified and experienced in developing strategic plans to enable school districts to build
ARTS,,education and cultural programming for a remote island community
ARTS,Data Analysis,educational materials.
ARTS,,Education
ARTS,,Education
ARTS,,Education professional development as a member of the Teacher Leader Corps and facilitated school-
ARTS,,Education
ARTS,,educational information to individuals.
ARTS,,Education
ARTS,,Education
ARTS,Data Analysis,Education as a High Impact Teacher in 2014-15 / 2015-16
ARTS,,Education
ARTS,,Education
ARTS,,"educational and instructional; also achieving artistic experience work as a Choreographer, Dancer, Videographer, Producer,"
AUTOMOBILE,Data Analysis,"education professional with proven ability to effectively develop and implement educational strategies, policy and"
AUTOMOBILE,,Education and Training
AUTOMOBILE,,
AUTOMOBILE,,education.
AUTOMOBILE,,Education
AUTOMOBILE,,education
AUTOMOBILE,,Education
AUTOMOBILE,,education regarding a participant's retirement plan.
AUTOMOBILE,,education at the post secondary level towards
AUTOMOBILE,,Education
AUTOMOBILE,,Education and Training
AUTOMOBILE,,Education
AUTOMOBILE,,Education
AUTOMOBILE,"Python, Data Analysis",Education
AUTOMOBILE,,Education
AUTOMOBILE,,Education
AUTOMOBILE,,Education and Training
AUTOMOBILE,"Python, Java, Machine Learning, Data Analysis",Education
AUTOMOBILE,,"Education Department by integrating and aligning four autonomous, underperforming"
AUTOMOBILE,,Educational Background
AUTOMOBILE,,Education
AUTOMOBILE,,Education and Training
AUTOMOBILE,,Education and Training
AUTOMOBILE,Data Analysis,Education and Training
AUTOMOBILE,,Education and Training
AUTOMOBILE,,Educational Background
AUTOMOBILE,,Education
AUTOMOBILE,,Education
AUTOMOBILE,"Java, Data Analysis","education and the public sector. SunGard serves approximately 16,000 customers in more"
AUTOMOBILE,,Education
AUTOMOBILE,,Education
AUTOMOBILE,Data Analysis,Education
AUTOMOBILE,,Education
AUTOMOBILE,,"education in Membership, California auto, collector car, home, assigned risk, and umbrella insurance, Texas and New Mexico"
AUTOMOBILE,,Education
AUTOMOBILE,,EDUCATIONS LANGUAGES
AVIATION,,Education
AVIATION,,Education
AVIATION,,Education and Training
AVIATION,,Education
AVIATION,Java,Education and Training
AVIATION,,Education
AVIATION,,Education and Training
AVIATION,,Education and Training
AVIATION,,Education
AVIATION,,Education
AVIATION,,Education
AVIATION,,Education
AVIATION,,Education and Training
AVIATION,"Python, Java",Education
AVIATION,,Education
AVIATION,,"education specialist conversant with social and personal barriers to employment, civic life and independent living with demonstrated ability"
AVIATION,,Education
AVIATION,,Education and Training
AVIATION,,Education
AVIATION,,Education
AVIATION,,Educational Background
AVIATION,,Education and Training
AVIATION,,
AVIATION,,Education
AVIATION,,Education
AVIATION,Data Analysis,Education
AVIATION,,Education
AVIATION,,Education
AVIATION,,Education
AVIATION,,Education
AVIATION,,educational knowledge and experience while contributing
AVIATION,,Education
AVIATION,,Education
AVIATION,,Education
AVIATION,,Education
AVIATION,,Education
AVIATION,,Education
AVIATION,,Education
AVIATION,,Education and Training
AVIATION,,Education and Coursework
AVIATION,,Education and Training
AVIATION,,Education and Training
AVIATION,,Education
AVIATION,,Education
AVIATION,,Education
AVIATION,,educational awareness programs
AVIATION,,Education and Training
AVIATION,,Education
AVIATION,Python,Education
AVIATION,,Education and Training
AVIATION,,Education and Training
AVIATION,,Education and Training
AVIATION,"Java, Data Analysis",Education
AVIATION,,Education
AVIATION,,Education
AVIATION,,Education
AVIATION,,Education
AVIATION,,Education Program.
AVIATION,,Degree Knight American Physical Society; Member American Society For Quality - Certified Quality Improvement Associate Connecticut
AVIATION,,Education
AVIATION,,Education
AVIATION,Java,Education and Training
AVIATION,,Education
AVIATION,,Education
AVIATION,,"education, and Intelligence Oversight planning meetings."
AVIATION,Data Analysis,Education
AVIATION,,Education and Training
AVIATION,,Education
AVIATION,,Education
AVIATION,,Education
AVIATION,,"education for civilian and military personnel, developing specialized training, regarding OSHA"
AVIATION,,"Education Administrator, trained in Blackboard development, technical writing, Graduate level"
AVIATION,,Education
AVIATION,,Education
AVIATION,,Education
AVIATION,,Education
AVIATION,,Education
AVIATION,,Education
AVIATION,,Education
AVIATION,,Education
AVIATION,,Education and Training
AVIATION,,Education
AVIATION,,Education and Training
AVIATION,,Education
AVIATION,,Education
AVIATION,,educational knowledge and experience while contributing
AVIATION,,Education
AVIATION,,Education and Training
AVIATION,,Education
AVIATION,,Education
AVIATION,,Education
AVIATION,,Education
AVIATION,,Education
AVIATION,,Education
AVIATION,Data Analysis,education and achievements to a long-term service.
AVIATION,Python,Education
AVIATION,,Education
AVIATION,,Education
AVIATION,,Education and Training
AVIATION,,Education
AVIATION,,Education
AVIATION,,Education
AVIATION,,"education, I have created and maintained several useful SharePoint Databases and"
AVIATION,,education courses. Trained new operators and
AVIATION,,Education and Training
AVIATION,,Education
AVIATION,,Education
AVIATION,,Education
AVIATION,,Education and Training
AVIATION,,educational and unforgettable
AVIATION,,Education
AVIATION,,Education and Training
AVIATION,,Education
AVIATION,,Education
AVIATION,,Education
AVIATION,,Education
AVIATION,,Education
BANKING,,Education and Training
BANKING,,Education
BANKING,,Education
BANKING,,Education
BANKING,,education borrowers on available mortgage financing products and process Â·
BANKING,,Education
BANKING,,Education
BANKING,Data Analysis,"education, psychiatry, mental"
BANKING,,"education,"
BANKING,,Education
BANKING,,educational financial literacy seminars and account enrollments.
BANKING,,Education
BANKING,,Education
BANKING,,educational meetings in conjunction with Home base/Family Partnership Coordinator to help build collaborations with
BANKING,,Education
BANKING,,Education and Training (http://www.moet.edu.vn).
BANKING,,Education
BANKING,,Education
BANKING,,Education
BANKING,,Education
BANKING,,Education and Training
BANKING,,Education
BANKING,,Education
BANKING,,Education
BANKING,,education programs and manages the assignment of clinical associates.
BANKING,Java,Education
BANKING,,Education
BANKING,,Education
BANKING,,Education
BANKING,,educational objectives.
BANKING,,Education and Training
BANKING,,Education and Training
BANKING,,Education
BANKING,,Education and Training
BANKING,,Education
BANKING,,Education
BANKING,,Education
BANKING,,Education
BANKING,,education courses Developed of instructional strategy and design for new programs and evaluation of
BANKING,,"education to all staff members regarding fraud, operational risk, robbery, privacy/information protection, cash control"
BANKING,,Education
BANKING,,Education and Training
BANKING,Java,Education
BANKING,,education in business management and human resources in order to expand on my
BANKING,,Education
BANKING,,Education and Rising Star Award
BANKING,,"education of SunTrust products, services, and other lines of business."
BANKING,,education and experience.
BANKING,,Education
BANKING,,Education
BANKING,Data Analysis,Education
BANKING,,Education
BANKING,,education.
BANKING,,Education
BANKING,,education classes affiliated with Alvernia College and Reading Area
BANKING,,Education
BANKING,,Education
BANKING,,"education, and hunger related"
BANKING,,Education
BANKING,,Education and Training
BANKING,,Education
BANKING,,educational opportunities; reading professional publications; maintaining personal networks. Accomplishments Exceeding store quotas by up to
BANKING,,Education and Training
BANKING,,Education and Training
BANKING,,Education
BANKING,,Education
BANKING,,Educational Seminars
BANKING,,Education
BANKING,"Python, Java, Data Analysis",Education and Training
BANKING,,Education
BANKING,,Education
BANKING,,Education
BANKING,,"education, airline"
BANKING,,Education
BANKING,,"Education Lottery Scholarship, and childcare assistance fund programs."
BANKING,,Education
BANKING,,Education and Training
BANKING,Data Analysis,Education
BANKING,,Education
BANKING,,Education
BANKING,,"educational background and professional experience, while"
BANKING,"Python, Machine Learning",Education
BANKING,,Education
BANKING,,Education
BANKING,,Education
BANKING,,Education
BANKING,,education.
BANKING,,Education
BANKING,,Education
BANKING,,education and experience to build a successful business partnership. Quick and flexible in response to changing market conditions and
BANKING,"Java, Data Analysis",Education and Training
BANKING,,Education
BANKING,,Education
BANKING,,Education
BANKING,,Education
BANKING,,Education and Training
BANKING,,Education
BANKING,,Education and Training
BANKING,,Education
BANKING,,Education
BANKING,,Education
BANKING,,Education
BANKING,,Education
BANKING,,Education
BANKING,,Education
BANKING,,Education
BANKING,,Education
BANKING,,Education
BANKING,,Education
BANKING,,Education
BANKING,,Education
BANKING,,Education
BANKING,Data Analysis,Education
BANKING,,Education and Training
BANKING,Java,Education
BPO,,Education
BPO,Java,Education
BPO,,Education
BPO,,Education
BPO,,Education
BPO,Data Analysis,Education
BPO,,Education
BPO,,Education
BPO,,Educational Background
BPO,,Education
BPO,,Education
BPO,,Education
BPO,,Education
BPO,,Education
BPO,Java,Education and Training
BPO,Data Analysis,Education
BPO,,education and valuable experience gained mostly while working in
BPO,,Education
BPO,,Education
BPO,,Education and Training
BPO,,"education check Conducting Employee engagement activities like skip level meetings, one-on-one meetings, town halls,"
BPO,,Education
BUSINESS-DEVELOPMENT,,Education and Training
BUSINESS-DEVELOPMENT,,educational opportunities; reading professional publications. Enhances dealership reputation by accepting ownership for
BUSINESS-DEVELOPMENT,,Education
BUSINESS-DEVELOPMENT,,education opportunities offered by management.
BUSINESS-DEVELOPMENT,,Education and Training
BUSINESS-DEVELOPMENT,,Education
BUSINESS-DEVELOPMENT,,Education
BUSINESS-DEVELOPMENT,,Education seminar for all court systems in NYC area.
BUSINESS-DEVELOPMENT,,Education
BUSINESS-DEVELOPMENT,,Education/Marketing Liaison
BUSINESS-DEVELOPMENT,,Education
BUSINESS-DEVELOPMENT,,educational support to all salon staff members.
BUSINESS-DEVELOPMENT,Python,Education and Training
BUSINESS-DEVELOPMENT,,
BUSINESS-DEVELOPMENT,,Education
BUSINESS-DEVELOPMENT,,Education
BUSINESS-DEVELOPMENT,,"education to reach my full potential as an account executive by helping Visio Financial Services achieve steady, long-term, sustainable"
BUSINESS-DEVELOPMENT,,Education
BUSINESS-DEVELOPMENT,,Education and Training
BUSINESS-DEVELOPMENT,,educational department functions for team of six.
BUSINESS-DEVELOPMENT,,"educational programs for thousands of players on such topics as fitness, nutrition, injury prevention, sport psychology"
BUSINESS-DEVELOPMENT,,educational and creative programming.
BUSINESS-DEVELOPMENT,,Education
BUSINESS-DEVELOPMENT,,Education
BUSINESS-DEVELOPMENT,,Education
BUSINESS-DEVELOPMENT,,Education
BUSINESS-DEVELOPMENT,,Education
BUSINESS-DEVELOPMENT,"Python, Java",Education and Training
BUSINESS-DEVELOPMENT,,Education
BUSINESS-DEVELOPMENT,,"education and training sessions, marketing the"
BUSINESS-DEVELOPMENT,,"education materials, and internal/external communication of value proposition to"
BUSINESS-DEVELOPMENT,,Education and Training
BUSINESS-DEVELOPMENT,,"Education, Employment and Training Department. (Goodwill of the Kanawha Valley)Â"
BUSINESS-DEVELOPMENT,,Education
BUSINESS-DEVELOPMENT,,Education
BUSINESS-DEVELOPMENT,,Education
BUSINESS-DEVELOPMENT,,Educational Background
BUSINESS-DEVELOPMENT,,Education
BUSINESS-DEVELOPMENT,,educational workshops at CUNY/SUNY College campuses benefit fairs that increased credit union
BUSINESS-DEVELOPMENT,,Education and Training
BUSINESS-DEVELOPMENT,,Education
BUSINESS-DEVELOPMENT,,Education
BUSINESS-DEVELOPMENT,,"education, and consistent follow-through. Experienced in"
BUSINESS-DEVELOPMENT,,EDUCATION.
BUSINESS-DEVELOPMENT,,education schools.
BUSINESS-DEVELOPMENT,,"education, and personable and professional talents."
BUSINESS-DEVELOPMENT,,Education
BUSINESS-DEVELOPMENT,,Education and Training
BUSINESS-DEVELOPMENT,,Education
BUSINESS-DEVELOPMENT,,Education
BUSINESS-DEVELOPMENT,,Education and Training
BUSINESS-DEVELOPMENT,Java,Education
BUSINESS-DEVELOPMENT,,
BUSINESS-DEVELOPMENT,,Education
BUSINESS-DEVELOPMENT,Data Analysis,Education
BUSINESS-DEVELOPMENT,,Education
BUSINESS-DEVELOPMENT,,Education
BUSINESS-DEVELOPMENT,,Education
BUSINESS-DEVELOPMENT,,"education, scientific and healthcare verticals. Recent projects include: â​– The American Chemical Society - Developed business plan, marketing"
BUSINESS-DEVELOPMENT,,education and government. Adept at managing intense demands of multiple existing customer accounts and cultivates strong customer
BUSINESS-DEVELOPMENT,,Education
BUSINESS-DEVELOPMENT,,Education and Training
BUSINESS-DEVELOPMENT,,Education
BUSINESS-DEVELOPMENT,,Education
BUSINESS-DEVELOPMENT,Python,Education
BUSINESS-DEVELOPMENT,,Education and Training
BUSINESS-DEVELOPMENT,Data Analysis,educational workshops and challenging opportunities for enhancing career growth of employees.
BUSINESS-DEVELOPMENT,,Education
BUSINESS-DEVELOPMENT,,Education
BUSINESS-DEVELOPMENT,,Education & Training Marketing & Brand Positioning Stakeholder
BUSINESS-DEVELOPMENT,,Education and Training
BUSINESS-DEVELOPMENT,,Education
BUSINESS-DEVELOPMENT,,Education
BUSINESS-DEVELOPMENT,,Education
BUSINESS-DEVELOPMENT,,educational seminars to drive business results.
BUSINESS-DEVELOPMENT,,Education
BUSINESS-DEVELOPMENT,,Education
BUSINESS-DEVELOPMENT,,Education
BUSINESS-DEVELOPMENT,,Education
BUSINESS-DEVELOPMENT,,Education
BUSINESS-DEVELOPMENT,,Education
BUSINESS-DEVELOPMENT,,Education
BUSINESS-DEVELOPMENT,,education or training.
BUSINESS-DEVELOPMENT,,"educations, and point of sale"
BUSINESS-DEVELOPMENT,,Education
BUSINESS-DEVELOPMENT,,Education
BUSINESS-DEVELOPMENT,,Education
BUSINESS-DEVELOPMENT,,educational preferences of students born post 1982 in comparison with
BUSINESS-DEVELOPMENT,,Education
BUSINESS-DEVELOPMENT,,Education
BUSINESS-DEVELOPMENT,,Education
BUSINESS-DEVELOPMENT,,Education
BUSINESS-DEVELOPMENT,,Education
BUSINESS-DEVELOPMENT,,Education
BUSINESS-DEVELOPMENT,,"education on evolving networking, unified communication, virtualization, and storage technology."
BUSINESS-DEVELOPMENT,,Education
BUSINESS-DEVELOPMENT,,Education
BUSINESS-DEVELOPMENT,,Education
BUSINESS-DEVELOPMENT,,Education
BUSINESS-DEVELOPMENT,,Education
BUSINESS-DEVELOPMENT,,Education and Training
BUSINESS-DEVELOPMENT,,Education
BUSINESS-DEVELOPMENT,,Education
BUSINESS-DEVELOPMENT,,Education
BUSINESS-DEVELOPMENT,,Education
BUSINESS-DEVELOPMENT,,Education
BUSINESS-DEVELOPMENT,,Education
BUSINESS-DEVELOPMENT,,Education
BUSINESS-DEVELOPMENT,,"educational opportunities,reading professional publication,maintaining personal networks,"
BUSINESS-DEVELOPMENT,,Education
BUSINESS-DEVELOPMENT,,Education
BUSINESS-DEVELOPMENT,,Education and Training
BUSINESS-DEVELOPMENT,,Education
BUSINESS-DEVELOPMENT,,Education
BUSINESS-DEVELOPMENT,,educational and professional expertise with long trackrecord of success in direct sales and brand management. Exceptional problem
BUSINESS-DEVELOPMENT,,Education
BUSINESS-DEVELOPMENT,,educational and personal loans.Performed daily maintenance of the loan applicant database.
BUSINESS-DEVELOPMENT,,"educational, social and demographic data about the community to guide local program development."
BUSINESS-DEVELOPMENT,Data Analysis,Education
BUSINESS-DEVELOPMENT,Data Analysis,Education
CHEF,,Educational Background
CHEF,,Education
CHEF,,Education
CHEF,,Education
CHEF,,Education
CHEF,,Education
CHEF,,Education
CHEF,,"education, exceptional client care and outpacing sales benchmarks three years in a row Won Henry W."
CHEF,Data Analysis,Education and Training
CHEF,,Education
CHEF,,Education
CHEF,,Education and Training
CHEF,,Education
CHEF,,Education
CHEF,,Education
CHEF,,Education
CHEF,,Education
CHEF,,Education
CHEF,,Education
CHEF,,Education and Training
CHEF,,Education and Coursework
CHEF,,Education
CHEF,,Education
CHEF,,Education
CHEF,,Education
CHEF,,Education and Training
CHEF,,Education
CHEF,,Education
CHEF,,Education
CHEF,Data Analysis,Education and Training
CHEF,,Education
CHEF,,Education
CHEF,,
CHEF,,Education
CHEF,,Education
CHEF,,Education and Training
CHEF,,Education
CHEF,,Education
CHEF,,Education
CHEF,,Education
CHEF,,Education
CHEF,,Education
CHEF,,Education
CHEF,,Education
CHEF,,"education for kitchen staff out lining events, live cooking demonstrations."
CHEF,,Educational Background
CHEF,,Education and Training
CHEF,,Education
CHEF,,Education
CHEF,,Education
CHEF,,Education
CHEF,,Education
CHEF,,Education and Training
CHEF,,Education
CHEF,,Education
CHEF,,Education
CHEF,,Educational Background
CHEF,,Education
CHEF,,Educational Background
CHEF,,Education and Training
CHEF,,Education
CHEF,,Education and Training
CHEF,,Education and Abilities as a Chef where my vast experience and demanding work ethic will be
CHEF,,"education and further experience. 4+ years&rsquo; experience,"
CHEF,,education credentials. I gained extensive exposure and experience through the advanced culinary curriculum that is only offered at
CHEF,,
CHEF,,Education
CHEF,,Education and Training
CHEF,,Education
CHEF,,Education
CHEF,,Education and Training
CHEF,,Education
CHEF,,Education and Training
CHEF,,Education
CHEF,,Education and Training
CHEF,,Education
CHEF,,Education
CHEF,,Education
CHEF,,Education
CHEF,,Education
CHEF,,Education
CHEF,,Education
CHEF,,education for team members.
CHEF,,Education
CHEF,,Education and Training
CHEF,,Education
CHEF,,education and cooking demonstrations. Supported locally grown by incorporating Rialto farmer Adams Acres to Rialto Unified School
CHEF,,Education
CHEF,,Education and Training
CHEF,,"education, life, and combat skills, building confidence in their"
CHEF,,Education
CHEF,,Education
CHEF,,"education for kitchen staff out lining events, live cooking demonstrations."
CHEF,,Education
CHEF,,Education
CHEF,,Education
CHEF,,education includes a range of certifications for
CHEF,,Education and Training
CHEF,,Education
CHEF,Java,Education
CHEF,,Education
CHEF,,Education
CHEF,,Education
CHEF,,Education
CHEF,,"Education Reimbursement, Employee Suggestion, Professional"
CHEF,,Education
CHEF,,Education
CHEF,,Education and Training
CHEF,,Education
CHEF,,educational seminars with front of the house employees.
CHEF,,Education
CHEF,,Education
CHEF,,Education
CHEF,,Education
CHEF,,Education
CHEF,,Education
CHEF,,Education
CHEF,,Education
CONSTRUCTION,,"educational attainment and professional experience in Energy Engineering, Project Engineering, Building Energy Systems, Energy Conservation,"
CONSTRUCTION,,Education
CONSTRUCTION,,Education
CONSTRUCTION,,educational products at seminars and special events.
CONSTRUCTION,,Education and Training
CONSTRUCTION,,Education
CONSTRUCTION,,Education
CONSTRUCTION,,Education
CONSTRUCTION,,Education
CONSTRUCTION,,Education
CONSTRUCTION,,Education
CONSTRUCTION,,"Education. *Successful at managing Facilities, Ops & Systems, M&O and Capital Budgets, Assets, Staffing and Bargaining"
CONSTRUCTION,,Education
CONSTRUCTION,,Education
CONSTRUCTION,,Education
CONSTRUCTION,,Education
CONSTRUCTION,,education for all onsite crew members.
CONSTRUCTION,,
CONSTRUCTION,,Education
CONSTRUCTION,,Education
CONSTRUCTION,,"education, people skills and business relationships to"
CONSTRUCTION,,Education
CONSTRUCTION,,Education
CONSTRUCTION,,Education
CONSTRUCTION,,Education
CONSTRUCTION,,Education
CONSTRUCTION,,
CONSTRUCTION,,Education Program Coordinator at Solomon R.
CONSTRUCTION,,Education and Training
CONSTRUCTION,Data Analysis,Education
CONSTRUCTION,,Education
CONSTRUCTION,,Education
CONSTRUCTION,,Education
CONSTRUCTION,,Education
CONSTRUCTION,,"education, including Project Management Professional (PMP)"
CONSTRUCTION,,Education
CONSTRUCTION,,Education
CONSTRUCTION,,Education
CONSTRUCTION,,Education
CONSTRUCTION,,Education
CONSTRUCTION,,education for all onsite crew members.
CONSTRUCTION,,Education
CONSTRUCTION,,Education
CONSTRUCTION,,Education
CONSTRUCTION,,Education
CONSTRUCTION,,Education
CONSTRUCTION,,Education
CONSTRUCTION,,Education
CONSTRUCTION,,education institutions. Promoted good behaviors by using the positive reinforcement
CONSTRUCTION,,Education
CONSTRUCTION,,Education
CONSTRUCTION,,Education
CONSTRUCTION,,education and team building abilities in safety. I will aid
CONSTRUCTION,,Education
CONSTRUCTION,,Education
CONSTRUCTION,,Education
CONSTRUCTION,,Education
CONSTRUCTION,,education and Professional Development Current student at Randal School of Real Estate Licensed Class C Contractor with the City of
CONSTRUCTION,,Education
CONSTRUCTION,,Education
CONSTRUCTION,,Education
CONSTRUCTION,,Education
CONSTRUCTION,,"education, training and"
CONSTRUCTION,,Education
CONSTRUCTION,,education and learning from foreman and senior assemblers.
CONSTRUCTION,,Education and Training
CONSTRUCTION,,Education
CONSTRUCTION,,Education and Training
CONSTRUCTION,,Education
CONSTRUCTION,,Education
CONSTRUCTION,,Education and Training
CONSTRUCTION,,Education and Training
CONSTRUCTION,,Education and Training
CONSTRUCTION,,Education
CONSTRUCTION,,Education
CONSTRUCTION,,Education
CONSTRUCTION,,Education
CONSTRUCTION,,education for all onsite crew members.Â
CONSTRUCTION,,Education
CONSTRUCTION,,Education
CONSTRUCTION,,education for all onsite crew members.
CONSTRUCTION,,Education
CONSTRUCTION,,Education and Training
CONSTRUCTION,,Education
CONSTRUCTION,,Education
CONSTRUCTION,Java,Education and Training
CONSTRUCTION,,Education
CONSTRUCTION,,Education
CONSTRUCTION,,Education
CONSTRUCTION,,Education
CONSTRUCTION,,Education
CONSTRUCTION,,Education
CONSTRUCTION,,Education and Training
CONSTRUCTION,,educational
CONSTRUCTION,,Education and Training
CONSTRUCTION,,Education and Training
CONSTRUCTION,,Education
CONSTRUCTION,,Education
CONSTRUCTION,,Education
CONSTRUCTION,,Education
CONSTRUCTION,,Education and Training
CONSTRUCTION,,Education
CONSTRUCTION,,Education
CONSTRUCTION,,Education
CONSTRUCTION,,Education
CONSTRUCTION,,education for all on-site crew members.
CONSTRUCTION,,Education
CONSTRUCTION,,Education
CONSTRUCTION,,Education
CONSTRUCTION,,Education
CONSTRUCTION,,Education
CONSTRUCTION,,Education
CONSULTANT,,Education
CONSULTANT,,Education
CONSULTANT,,Education
CONSULTANT,,Education
CONSULTANT,,Education
CONSULTANT,,Education
CONSULTANT,,Education
CONSULTANT,,Education
CONSULTANT,Data Analysis,Education and Training
CONSULTANT,,Education
CONSULTANT,,"education, communication, appreciation, and"
CONSULTANT,,Educational Background
CONSULTANT,,educational services and products provider.Oversaw operations
CONSULTANT,,Education and Training
CONSULTANT,,"Education and project management consultant with a career path that emphasizes strategy and development. Throughout my career, my passion"
CONSULTANT,Machine Learning,Education and Training
CONSULTANT,,"education, and training you seek in a candidate. In addition, I am a military spouse"
CONSULTANT,,Education
CONSULTANT,,Education
CONSULTANT,Python,Education
CONSULTANT,,Education
CONSULTANT,Java,"education and experience, while offering upward growth and opportunity."
CONSULTANT,Java,Education
CONSULTANT,,Education
CONSULTANT,Java,Education
CONSULTANT,,Education
CONSULTANT,,Education and Training
CONSULTANT,,Education and Training
CONSULTANT,,Education
CONSULTANT,,Education and Training
CONSULTANT,,Education
CONSULTANT,,education organizations around the nation to discuss value of Russian
CONSULTANT,,education and experience to a job in Administration. Customer service-oriented
CONSULTANT,,Education
CONSULTANT,,Education
CONSULTANT,,Education
CONSULTANT,,Education
CONSULTANT,,Education
CONSULTANT,"Python, Java, Machine Learning, Data Analysis",Education
CONSULTANT,,Education and Training
CONSULTANT,,Education and Training
CONSULTANT,,Education
CONSULTANT,Data Analysis,Education and Training
CONSULTANT,Java,Education
CONSULTANT,,"education, self-sufficiency and tradition), programs and services are consistently presented in"
CONSULTANT,,"education, case management and support to 300+ patients diagnosed with cancer, their families and care providers resulting"
CONSULTANT,,Education and Training
CONSULTANT,,education and research.
CONSULTANT,Java,Education
CONSULTANT,,Education/Human
CONSULTANT,,Education
CONSULTANT,,Education
CONSULTANT,,Education and Training
CONSULTANT,,Education and Training
CONSULTANT,,Education
CONSULTANT,,Education and Training
CONSULTANT,,Education and Training
CONSULTANT,,Education
CONSULTANT,,Education
CONSULTANT,,Education and Training
CONSULTANT,,Education and Training
CONSULTANT,Data Analysis,Education
CONSULTANT,,Education and Training
CONSULTANT,Java,Education
CONSULTANT,,educational needs. Subject
CONSULTANT,,Education and Training
CONSULTANT,,Education
CONSULTANT,,Education
CONSULTANT,,"Education, K-12, and Healthcare"
CONSULTANT,Java,Education and Training
CONSULTANT,,Education and Training
CONSULTANT,,Education
CONSULTANT,,Education
CONSULTANT,Data Analysis,Education
CONSULTANT,,Education and Training
CONSULTANT,,Education
CONSULTANT,,Education
CONSULTANT,,Education and Training
CONSULTANT,,Education
CONSULTANT,,Education
CONSULTANT,,Education and Training
CONSULTANT,,education for all 20 members.
CONSULTANT,,Education and Training
CONSULTANT,,Education and Training
CONSULTANT,,Education
CONSULTANT,"Python, Java",Education and Training
CONSULTANT,Java,Education
CONSULTANT,Java,Education and Training
CONSULTANT,,"education module for ""Customer Service in the ASC Environment"""
CONSULTANT,,education and training opportunities to further
CONSULTANT,,Education
CONSULTANT,Java,education inside the United States.
CONSULTANT,,educational institutions and healthcare providers.
CONSULTANT,Java,Education
CONSULTANT,,Education and Training
CONSULTANT,,Education
CONSULTANT,Java,Education
CONSULTANT,,Education
CONSULTANT,,Education
CONSULTANT,,Education
CONSULTANT,,Education
CONSULTANT,,Education and Training
CONSULTANT,,Education and Training
CONSULTANT,,educational and
CONSULTANT,,Education
CONSULTANT,Data Analysis,Education
CONSULTANT,,Education
CONSULTANT,,Education
CONSULTANT,,"Education, and Facilities"
CONSULTANT,,Education
CONSULTANT,,Education
CONSULTANT,,Education
CONSULTANT,"Python, Java",Education
CONSULTANT,Data Analysis,Education and Training
CONSULTANT,Data Analysis,Education
DESIGNER,,Education
DESIGNER,,Education
DESIGNER,"Python, Data Analysis",Education
DESIGNER,,Education
DESIGNER,,Education
DESIGNER,,education assessments in [number] schools with [number] students. Ensured
DESIGNER,Java,"education team for 501(r)Â regulatory compliance curriculum including learning objectives,"
DESIGNER,,"education and training in order to follow new trends and techniques.Perform waxing services.Thorough knowledge of hair styles,"
DESIGNER,"Python, Java",Education
DESIGNER,,"education, government, healthcare, retail and residential. Proven abilities to work on projects independently"
DESIGNER,,"educational, social and"
DESIGNER,,education in art enables me to have a vast resource of ideas to share. And very
DESIGNER,,Education
DESIGNER,,Education and Training
DESIGNER,,Education and Training
DESIGNER,,Education
DESIGNER,,Education and Training
DESIGNER,,Education
DESIGNER,,Education
DESIGNER,,education command; trained
DESIGNER,,Education
DESIGNER,,Education
DESIGNER,,Education
DESIGNER,,"education, experience and motivation allow me to make a valuable contribution."
DESIGNER,,Education
DESIGNER,Data Analysis,education institutions.
DESIGNER,,Education and Training
DESIGNER,,
DESIGNER,,Education
DESIGNER,,Education
DESIGNER,,education
DESIGNER,,Education
DESIGNER,,Education
DESIGNER,,Education
DESIGNER,,Education
DESIGNER,,Education and Training
DESIGNER,,Education
DESIGNER,,"education, oral, written and interpersonal skills. Positively impact the quality of work, acquisition of new business and client retention goals."
DESIGNER,,Education
DESIGNER,,Education
DESIGNER,,Education
DESIGNER,,Education and Training
DESIGNER,,educational technology and online instructional methods.
DESIGNER,,Education
DESIGNER,,Education
DESIGNER,,Education
DESIGNER,,Education
DESIGNER,,Education
DESIGNER,,Education
DESIGNER,,Education
DESIGNER,,educational institutions in the US.
DESIGNER,,Education
DESIGNER,,education training programs and collecting on current program balances.
DESIGNER,,Education
DESIGNER,,educational Benefits Briefed Veterans on options pertaining to the.
DESIGNER,,Education and Training
DESIGNER,,Education
DESIGNER,,Education
DESIGNER,,Education
DESIGNER,,"Educational Consultant , 01/2009 to 01/2010"
DESIGNER,,Education
DESIGNER,,Education and Training
DESIGNER,,Education
DESIGNER,,Education
DESIGNER,,Education
DESIGNER,,Education
DESIGNER,Data Analysis,Education
DESIGNER,,Education
DESIGNER,,Education and Training
DESIGNER,,Education and Training
DESIGNER,,Education
DESIGNER,,Education
DESIGNER,,Education; Inclusion Initiatives and Cultural Competence;
DESIGNER,Data Analysis,Education
DESIGNER,,Education
DESIGNER,,Education
DESIGNER,,Education
DESIGNER,Java,Education and Training
DESIGNER,,
DESIGNER,,Education
DESIGNER,,Education
DESIGNER,,Education
DESIGNER,,Education
DESIGNER,,Education
DESIGNER,,Education
DESIGNER,,"education, B2C and Corporate. My objective now, is to find a position that will utilize my abilities, challenge and expand"
DESIGNER,,Education
DESIGNER,,Education
DESIGNER,,Education
DESIGNER,,education and development of designers Set a high standard for all graphic designers Minimize exposure and risk
DESIGNER,,Education
DESIGNER,,Education and Training
DESIGNER,,Education
DESIGNER,,Education
DESIGNER,,Education
DESIGNER,,Education and Training
DESIGNER,,Education
DESIGNER,,Education
DESIGNER,,Education
DESIGNER,,Education
DESIGNER,,Education and Training
DESIGNER,Data Analysis,Education
DESIGNER,Java,Education and Training
DESIGNER,,Education
DESIGNER,,educational projects
DESIGNER,,Education
DESIGNER,,Education
DIGITAL-MEDIA,,education
DIGITAL-MEDIA,,Education
DIGITAL-MEDIA,,Education and Training
DIGITAL-MEDIA,,Education
DIGITAL-MEDIA,,education.Â
DIGITAL-MEDIA,Java,education of SaaS ad serving management software AdJuggler.
DIGITAL-MEDIA,Data Analysis,Education
DIGITAL-MEDIA,,Education
DIGITAL-MEDIA,,Education
DIGITAL-MEDIA,,education clients' paid social media and paid search accounts across multiple platforms.
DIGITAL-MEDIA,,Education
DIGITAL-MEDIA,,Education
DIGITAL-MEDIA,Data Analysis,Education
DIGITAL-MEDIA,,Education
DIGITAL-MEDIA,,Education
DIGITAL-MEDIA,,Education
DIGITAL-MEDIA,,Education
DIGITAL-MEDIA,,Education
DIGITAL-MEDIA,,"Education: High school graduate or equivalent plus technical school (or equivalent), w"
DIGITAL-MEDIA,,"education welcoming every opportunity to expand intellectual, cultural, and professional horizons Highly competitive team"
DIGITAL-MEDIA,,education and enthusiasm in a
DIGITAL-MEDIA,,education materials.
DIGITAL-MEDIA,Java,Education
DIGITAL-MEDIA,,Education
DIGITAL-MEDIA,,Education
DIGITAL-MEDIA,,Education
DIGITAL-MEDIA,,Education
DIGITAL-MEDIA,Java,Education E-
DIGITAL-MEDIA,Java,Education
DIGITAL-MEDIA,,educational outreach materials on a
DIGITAL-MEDIA,Data Analysis,Education and Training
DIGITAL-MEDIA,,education series)
DIGITAL-MEDIA,,educational opportunities and professional organizations.
DIGITAL-MEDIA,,
DIGITAL-MEDIA,,Education and Training
DIGITAL-MEDIA,,Education
DIGITAL-MEDIA,,Education
DIGITAL-MEDIA,,Education
DIGITAL-MEDIA,,Education and Training
DIGITAL-MEDIA,,Education
DIGITAL-MEDIA,,Education
DIGITAL-MEDIA,,Education and Training
DIGITAL-MEDIA,,Education
DIGITAL-MEDIA,,Education
DIGITAL-MEDIA,,Education and Training
DIGITAL-MEDIA,,"education, healthcare, research, entertainment , aerospace, and"
DIGITAL-MEDIA,,"educational and promotional speaking engagements, videos, whitepapers and sales collateral for Autonomy's marketing"
DIGITAL-MEDIA,,Education
DIGITAL-MEDIA,,Education and Training
DIGITAL-MEDIA,Data Analysis,Education
DIGITAL-MEDIA,,Education
DIGITAL-MEDIA,,"Education, Type 70 WPM, 10-Key by touch with accuracy, HTML5, CSS,"
DIGITAL-MEDIA,,Education and Training
DIGITAL-MEDIA,,Education and Training
DIGITAL-MEDIA,,Education and Training
DIGITAL-MEDIA,,"educational programs surrounding school pride, anti-bullying, student-teacher recognition and"
DIGITAL-MEDIA,Java,Education
DIGITAL-MEDIA,,Education
DIGITAL-MEDIA,Machine Learning,Education
DIGITAL-MEDIA,,Education and Training
DIGITAL-MEDIA,Java,Education
DIGITAL-MEDIA,Java,
DIGITAL-MEDIA,,Education
DIGITAL-MEDIA,,Education
DIGITAL-MEDIA,,Education
DIGITAL-MEDIA,,Education
DIGITAL-MEDIA,,"education,Â commercials, and other applications. Maintained awareness of developing technologies and best practices for media production;"
DIGITAL-MEDIA,,Education
DIGITAL-MEDIA,,Education
DIGITAL-MEDIA,,education.Â
DIGITAL-MEDIA,,Education and Training
DIGITAL-MEDIA,,Education
DIGITAL-MEDIA,,Education
DIGITAL-MEDIA,,Education and Training
DIGITAL-MEDIA,,Education
DIGITAL-MEDIA,Data Analysis,Education and Training
DIGITAL-MEDIA,,educational and social events.
DIGITAL-MEDIA,,educational resources and skills to obtain
DIGITAL-MEDIA,Java,Education
DIGITAL-MEDIA,,Education portions of the channel.
DIGITAL-MEDIA,,Education
DIGITAL-MEDIA,"Python, Java",Education
DIGITAL-MEDIA,,Education
DIGITAL-MEDIA,,educational
DIGITAL-MEDIA,Java,"Education, Basketball, Strength Training,"
DIGITAL-MEDIA,,education
DIGITAL-MEDIA,,Education and Training
DIGITAL-MEDIA,,Education
DIGITAL-MEDIA,,Education
DIGITAL-MEDIA,,education Ringling College provides for their students and alumni to help advance their careers.
DIGITAL-MEDIA,,Education
DIGITAL-MEDIA,,Education
DIGITAL-MEDIA,,Education and Training
DIGITAL-MEDIA,,Education and Training
DIGITAL-MEDIA,Data Analysis,Education
DIGITAL-MEDIA,,Education
ENGINEERING,,Education and Training
ENGINEERING,,Education
ENGINEERING,"Python, Java",Education
ENGINEERING,,Education
ENGINEERING,Machine Learning,Education and Training
ENGINEERING,Data Analysis,Education
ENGINEERING,Java,Education
ENGINEERING,"Python, Machine Learning, Data Analysis","Education and IT /Data related companies Fascinated by learning cutting edge technologies, such as;"
ENGINEERING,,Education
ENGINEERING,Java,education and prior work experiences.
ENGINEERING,,Education
ENGINEERING,,Education
ENGINEERING,,Education
ENGINEERING,,Education
ENGINEERING,Data Analysis,Education
ENGINEERING,,Education and Training
ENGINEERING,,Education
ENGINEERING,,Education
ENGINEERING,,Education and Training
ENGINEERING,,Education
ENGINEERING,,Education
ENGINEERING,Data Analysis,Education and Training
ENGINEERING,Java,Education and Coursework
ENGINEERING,,educational programs on equipment use to staff.
ENGINEERING,,Education
ENGINEERING,,Education
ENGINEERING,,Education
ENGINEERING,,Education
ENGINEERING,,Education and Training
ENGINEERING,,Education and Training
ENGINEERING,,Education
ENGINEERING,"Python, Java, Data Analysis",Education
ENGINEERING,,Education
ENGINEERING,,Education
ENGINEERING,,Education
ENGINEERING,Python,
ENGINEERING,,Education
ENGINEERING,,Education and Training
ENGINEERING,Java,Education
ENGINEERING,,Education and Training
ENGINEERING,,Education
ENGINEERING,,Education and Training
ENGINEERING,,Education
ENGINEERING,,Education
ENGINEERING,Python,
ENGINEERING,Java,Education and Training
ENGINEERING,,Education and Training
ENGINEERING,,Education
ENGINEERING,,education and experience with ArcelorMittal and PepsiCo. Course work for my degree
ENGINEERING,,Education and Training
ENGINEERING,,Education
ENGINEERING,,Education
ENGINEERING,,Education
ENGINEERING,,Education
ENGINEERING,,Education and Training
ENGINEERING,Java,Education and Training
ENGINEERING,,Education
ENGINEERING,,Education and Training
ENGINEERING,Python,Education
ENGINEERING,,Education
ENGINEERING,,Education
ENGINEERING,Java,Education and Professional Training
ENGINEERING,,Education
ENGINEERING,"Java, Machine Learning",Education
ENGINEERING,,Education
ENGINEERING,,Education and Training
ENGINEERING,,Education
ENGINEERING,Java,Education
ENGINEERING,,Education
ENGINEERING,Machine Learning,Education
ENGINEERING,,Education
ENGINEERING,,Education
ENGINEERING,,Education
ENGINEERING,Java,Education
ENGINEERING,,Education
ENGINEERING,Data Analysis,Education and Training
ENGINEERING,,Education
ENGINEERING,,Education
ENGINEERING,Python,Education and Training
ENGINEERING,Data Analysis,Education
ENGINEERING,,Education
ENGINEERING,Java,Education
ENGINEERING,,Education
ENGINEERING,,Education
ENGINEERING,,"education can be used to satisfy the needs of the company, as well as provide"
ENGINEERING,,Education Student- Customer Care.
ENGINEERING,Java,Education and Training
ENGINEERING,,Education
ENGINEERING,,Education
ENGINEERING,,Education
ENGINEERING,,Education and Training
ENGINEERING,,Education
ENGINEERING,,Education and Training
ENGINEERING,,Education and Training
ENGINEERING,,Education
ENGINEERING,,Education
ENGINEERING,,Education
ENGINEERING,,Education
ENGINEERING,"Python, Machine Learning",Education and Training
ENGINEERING,Java,Education
ENGINEERING,"Python, Java",Education
ENGINEERING,,Education and Training
ENGINEERING,Python,Education
ENGINEERING,Java,Education
ENGINEERING,,Education
ENGINEERING,"Java, Data Analysis",Education
ENGINEERING,,Education
ENGINEERING,Java,Education
ENGINEERING,,Education
ENGINEERING,,Education and Training
ENGINEERING,,Education
ENGINEERING,,Education
ENGINEERING,Java,education.
ENGINEERING,Python,Education
ENGINEERING,,Education
ENGINEERING,,Education and Training
ENGINEERING,,Education
ENGINEERING,Data Analysis,Education
FINANCE,Java,educational software to project future needs. Built and maintained
FINANCE,,Education
FINANCE,,Education
FINANCE,,Education
FINANCE,,Education
FINANCE,,Education
FINANCE,,education
FINANCE,,Education
FINANCE,,Education
FINANCE,,Education
FINANCE,,Education
FINANCE,,Education
FINANCE,,Education
FINANCE,,Education
FINANCE,,education goals.
FINANCE,,Education
FINANCE,,Education
FINANCE,,Education
FINANCE,,Education
FINANCE,,Education
FINANCE,Data Analysis,Education
FINANCE,Data Analysis,Education
FINANCE,,Education and Professional Training
FINANCE,,Education
FINANCE,,Education
FINANCE,,Education
FINANCE,,Education
FINANCE,,Education
FINANCE,,Education
FINANCE,,Education
FINANCE,,Education
FINANCE,,Education
FINANCE,,Education
FINANCE,,Education
FINANCE,,Education
FINANCE,,Education
FINANCE,,Education and Training
FINANCE,,Education
FINANCE,,Education
FINANCE,,Education and Training
FINANCE,,Education
FINANCE,,Education
FINANCE,,Education
FINANCE,,Education and Training
FINANCE,,Education
FINANCE,,Education
FINANCE,,Education
FINANCE,,"educational, organization, and excellent interpersonal skills."
FINANCE,,Education and Training
FINANCE,,Education
FINANCE,Data Analysis,Education
FINANCE,,Education
FINANCE,,Education
FINANCE,,Education
FINANCE,,Education
FINANCE,,Education Classes.
FINANCE,,Education
FINANCE,,Education
FINANCE,,"education(Columbia University), charities, foundations, social services organizations, with asset valueranging from $4,000,000,000 to"
FINANCE,,Education
FINANCE,Data Analysis,Education
FINANCE,,Education and Training
FINANCE,,Education
FINANCE,,Education
FINANCE,,Education
FINANCE,,Education
FINANCE,,Education
FINANCE,,Education
FINANCE,,Education
FINANCE,,Educational loans.
FINANCE,,Education
FINANCE,,educational opportunities.
FINANCE,,Education
FINANCE,,Education
FINANCE,,Education
FINANCE,,Education
FINANCE,,Education
FINANCE,,Education
FINANCE,,Education
FINANCE,,Education
FINANCE,,Education
FINANCE,,Education
FINANCE,,Education
FINANCE,,Education
FINANCE,,Education
FINANCE,,Education
FINANCE,Data Analysis,Education
FINANCE,Data Analysis,Education
FINANCE,,Education
FINANCE,,Education
FINANCE,,Education
FINANCE,,Education
FINANCE,,Education
FINANCE,,Education Board.
FINANCE,,education and specialized sales-related training. *Incomparable customer service and
FINANCE,,Education
FINANCE,,Education
FINANCE,,Education
FINANCE,,Education
FINANCE,,Education and Client Support Services
FINANCE,,Education
FINANCE,,Education
FINANCE,Data Analysis,Education
FINANCE,,Education
FINANCE,,Education
FINANCE,,Education
FINANCE,,"educational programs and materials, live events, symposium and Web sites that reach, teach, and"
FINANCE,,Education
FINANCE,,Education
FINANCE,,Education
FINANCE,Data Analysis,Education
FINANCE,,Education
FINANCE,,Education
FINANCE,,Education and Training
FINANCE,,Education
FINANCE,,Education
FINANCE,,Education
FINANCE,,Education
FITNESS,,educational seminars/products to inspire a commitment to a healthier lifestyle. Assist clients of all ages and fitness levels in
FITNESS,,Education
FITNESS,,"education, and revised processes"
FITNESS,,Education
FITNESS,,Education
FITNESS,,"educational seminars for active adults and members, providing wellness and health information."
FITNESS,,Education and Training
FITNESS,,education programs to promote development of participants' physical attributes and social skills.
FITNESS,Data Analysis,Education
FITNESS,,Education
FITNESS,,Education
FITNESS,,Education
FITNESS,,educational and informational events for HPCA members.
FITNESS,,Education and Training
FITNESS,,Education
FITNESS,,Education and Training
FITNESS,,Education
FITNESS,,Education and Training
FITNESS,,Education and Training
FITNESS,,Education
FITNESS,,Education
FITNESS,,Education
FITNESS,,Education and Training
FITNESS,,education.
FITNESS,,"education. Desires a role to develop, implement, and facilitate health and"
FITNESS,,Education
FITNESS,,educational and social areas
FITNESS,,education and health lesson plans and curriculum for kindergarten- seventh grades
FITNESS,,Education
FITNESS,,Education
FITNESS,,"Education/Coach Company Name ï¼​ City , State"
FITNESS,,Education
FITNESS,,Education
FITNESS,,Education
FITNESS,,Education
FITNESS,,Education
FITNESS,,Education
FITNESS,,education through Continuing Education programs.
FITNESS,,Education
FITNESS,,Education
FITNESS,,Education
FITNESS,,Education
FITNESS,,Education
FITNESS,,educational events to do a sports clinic at.
FITNESS,,educational services and materials.
FITNESS,,Education and Training
FITNESS,,Education and Training
FITNESS,,"education and training programs, with emphasis on the development and implementation of the"
FITNESS,Python,"educational experience in 3D Modelling and Product Design 1 year of hands-on experience in FEA,"
FITNESS,,"education, and accountability. * Assisted clients in determining their overall"
FITNESS,,Education and Training
FITNESS,,Education
FITNESS,,education by providing positive comments on their progress.
FITNESS,,Education
FITNESS,,Education and Training
FITNESS,,Education
FITNESS,,"educational background in Physical Education,Â Sport TrainingÂ and exercise Swimming. Experienced Personal"
FITNESS,,Education
FITNESS,,Education
FITNESS,,Education
FITNESS,,Education and Training
FITNESS,,Education
FITNESS,,Education
FITNESS,,Education and Training
FITNESS,,Education
FITNESS,,education projects to foster widespread understanding of the prevention and treatment of illnesses.
FITNESS,,Educational Background
FITNESS,,Education
FITNESS,,Education and Training
FITNESS,,Education
FITNESS,,Education
FITNESS,,"educational training, seminars and meetings for personal training staff for professional growth."
FITNESS,,Education
FITNESS,,Educational Background
FITNESS,,Education
FITNESS,,Education's Organization of Older Students: November 2006 o Ordinary People
FITNESS,,Education
FITNESS,,"education, administrative, & fitness experience, and grow as a professional."
FITNESS,,"education, presentations and hands-on"
FITNESS,,Education
FITNESS,,Education
FITNESS,,Education
FITNESS,,Education and Training
FITNESS,,Education
FITNESS,,Education
FITNESS,,Educational Background
FITNESS,,education
FITNESS,,Education
FITNESS,,Education
FITNESS,,education.
FITNESS,,Education
FITNESS,,educational programs for department. Holds team meetings on a regular schedule.
FITNESS,,Education
FITNESS,,Education
FITNESS,,education and community involvement.
FITNESS,,"Education and Health Teacher Company Name ï¼​ City , State"
FITNESS,,"education to provide acute,"
FITNESS,,education programs for colleagues and physicians.
FITNESS,,Education
FITNESS,,Education
FITNESS,Data Analysis,"Education, Board of"
FITNESS,,Education
FITNESS,,Education
FITNESS,,Education
FITNESS,,Education and Training
FITNESS,,"education, skills and past experiences in a way that is"
FITNESS,,"education in fitness, human performance, and"
FITNESS,,Education and Training
FITNESS,,"educational activities that include story telling, organized arts & crafts, singing, and games."
FITNESS,,Education and Training
FITNESS,,Education and Training
FITNESS,,Education and Training
FITNESS,,Education
FITNESS,,Education
FITNESS,,educational opportunities.
FITNESS,,Education
FITNESS,,Education
HEALTHCARE,,Education
HEALTHCARE,,Education
HEALTHCARE,,Education and Training
HEALTHCARE,,Education
HEALTHCARE,,Education
HEALTHCARE,,Education
HEALTHCARE,,Education
HEALTHCARE,,Education
HEALTHCARE,,Education
HEALTHCARE,,Education
HEALTHCARE,,Education
HEALTHCARE,,education activities.
HEALTHCARE,,"education and therapy, equipment troubleshooting."
HEALTHCARE,,Education
HEALTHCARE,,Education and Training
HEALTHCARE,,education and development.
HEALTHCARE,Java,Education
HEALTHCARE,,education units (CEU)s or patient care refresher training
HEALTHCARE,,Education
HEALTHCARE,,educational Institutions; as well as for patient's personal use in accordance with
HEALTHCARE,,education programs to promote development of participants physical
HEALTHCARE,,education and technology materials.
HEALTHCARE,Data Analysis,"education (B.A, M.H.A.) with a history of building strong alliances and partnerships"
HEALTHCARE,,Education and Training
HEALTHCARE,,EducationÂ
HEALTHCARE,,"educational presentations to customers including surgeons, infectious disease, pulmonologist, vascular,"
HEALTHCARE,,Education Teacher Assistant Aug 2013 to Jul 2014
HEALTHCARE,,Education
HEALTHCARE,,educational services to medically fragile children and their families.
HEALTHCARE,,Education
HEALTHCARE,,education
HEALTHCARE,Java,educational materials for customers and contact information if customers needed physician assistance.
HEALTHCARE,,Education
HEALTHCARE,,Education and Training
HEALTHCARE,,Education
HEALTHCARE,,Education and Training
HEALTHCARE,,Education and Training
HEALTHCARE,Data Analysis,Education and Training
HEALTHCARE,Java,Education
HEALTHCARE,,Education and Training
HEALTHCARE,Data Analysis,Education and Training
HEALTHCARE,,education and work experience with the Potential for career advancement. Recognized for
HEALTHCARE,,Education and Training
HEALTHCARE,,Education
HEALTHCARE,,Education
HEALTHCARE,Data Analysis,Education
HEALTHCARE,Data Analysis,education programs.
HEALTHCARE,,education and discharge instructions.
HEALTHCARE,,Education and Training
HEALTHCARE,,educational backgrounds has been key in her success as a Regulatory Compliance/
HEALTHCARE,,Educational Background
HEALTHCARE,Data Analysis,Education
HEALTHCARE,,Education
HEALTHCARE,,Education
HEALTHCARE,,Education
HEALTHCARE,,Education and Training
HEALTHCARE,,Education and Training
HEALTHCARE,,education and decreasing
HEALTHCARE,,education Body mechanics knowledgeMedical clinical Specimen
HEALTHCARE,,Education and Training
HEALTHCARE,,"educational needs of patient and caretakers by collaborating with attending physicians, department heads, and staff."
HEALTHCARE,Data Analysis,Education and Training
HEALTHCARE,,Education and Training
HEALTHCARE,,Education
HEALTHCARE,,Education
HEALTHCARE,,Education and Training
HEALTHCARE,,Education
HEALTHCARE,,Education
HEALTHCARE,,Education and Training
HEALTHCARE,,educational
HEALTHCARE,,"Education Center and am certified in CPR / BLS by the American Red Cross. Most recently, as an Customer Care / Administrative"
HEALTHCARE,,Education Coordinator 08/2012 to 01/2014 Company Name City
HEALTHCARE,,education.
HEALTHCARE,,education. Energetic and motivational and leader dedicated to driving top-quality patient care. Looking for a position in a top-
HEALTHCARE,,Education and Training
HEALTHCARE,,education and status on previously
HEALTHCARE,,Education
HEALTHCARE,,"educational programs, outreach events sessions to enhance public understanding of sexually transmitted diseases and HIV/AIDS."
HEALTHCARE,,Education
HEALTHCARE,,Education and Training
HEALTHCARE,,Education and Training
HEALTHCARE,,Education
HEALTHCARE,,Education
HEALTHCARE,,"education to large, engaged provider groups in order to promote"
HEALTHCARE,,Education and Training
HEALTHCARE,,Education
HEALTHCARE,,education to my department employees
HEALTHCARE,,"educational, and medical records, consultation with other professionals, and diagnostic evaluations to"
HEALTHCARE,Data Analysis,Education
HEALTHCARE,Data Analysis,Education and Training
HEALTHCARE,,Education and Training
HEALTHCARE,,"educational, behavioral and emotional support Cleaned and organized classrooms, materials, and supplies for maximum efficiency Observed"
HEALTHCARE,,Education and Training
HEALTHCARE,,Education
HEALTHCARE,,Education
HEALTHCARE,,Education
HEALTHCARE,,Education Elementary School students.
HEALTHCARE,,education on prescribed treatment regimen.
HEALTHCARE,,Education
HEALTHCARE,,"education on company policies, procedures, rules, regulations, therapeutic processes, financials, management tools, management"
HEALTHCARE,,Education and Training
HEALTHCARE,,Education and Training
HEALTHCARE,,Education
HEALTHCARE,,Education
HEALTHCARE,,education and training classes.
HEALTHCARE,,"Education Verification, Pre-employment"
HEALTHCARE,,education and on the job
HEALTHCARE,,Education
HEALTHCARE,,Education
HEALTHCARE,,Education
HEALTHCARE,,Education
HEALTHCARE,,education center in Family Medicine Residency. Developed residential wellness program at world-renowned Cooper Clinic in Dallas
HEALTHCARE,,Education
HEALTHCARE,Java,Education
HEALTHCARE,Data Analysis,education; providing clinical improvement
HR,,Education
HR,,Education and Training
HR,,Education
HR,,Education
HR,,Education
HR,,Education
HR,,education
HR,,Education
HR,,Education
HR,,Education
HR,Data Analysis,Education
HR,,Education
HR,,Education
HR,,educational & employment documents.
HR,,Education
HR,,Education
HR,,Education
HR,,Educational Background
HR,,Education
HR,Data Analysis,Education
HR,,education in
HR,Java,Education & Training of staff and workers as per the
HR,,Education
HR,Data Analysis,Education
HR,,Education
HR,,Education
HR,,education program from a few training sessions per year to a state of the art training program offering more than
HR,,Education
HR,,educational opportunities; reading professional publications; maintaining personal networks;
HR,Java,Education
HR,,Education
HR,,Education
HR,,Education
HR,,Education
HR,,Education
HR,,Education
HR,,"education, software, and consulting services to leading manufacturing corporations"
HR,,Education and Training
HR,,Education
HR,,"educational knowledge effectively in work settings. Skilled in research, multi-tasking, time management and communication."
HR,Data Analysis,Education and Training
HR,,Education
HR,,Education
HR,,Education
HR,,Education
HR,,Education
HR,,Education
HR,,Education
HR,,Education
HR,,Education
HR,Data Analysis,Education
HR,,Education
HR,,education.
HR,,Education
HR,,Education *
HR,,"education, offering excellent"
HR,,Education and Training
HR,,Education and Training
HR,,Education
HR,,Education Instructor III 01/2009 to 11/2012
HR,Data Analysis,Education
HR,,Education
HR,,education and skills.
HR,,Education
HR,,Education and Training
HR,,Education
HR,,education teacher
HR,Data Analysis,Education
HR,,Education
HR,Data Analysis,Education
HR,,Education and Certifications
HR,,Education
HR,,Education
HR,,Education
HR,,Education
HR,,Education and Training
HR,,Education
HR,,"Education Assistant Company Name ï¼​ City , State"
HR,,Education Department
HR,,Education
HR,,Education
HR,,Education
HR,,Education & Certification Course: Attract/Retain&Sucseed - Designing recruitment strategies to align with business objectives.
HR,,education.
HR,,Education
HR,,Education
HR,,Education
HR,,"Education, SHRO Website, SHRO HRIS System and Automation of payroll processing."
HR,,Education
HR,,Education
HR,,educational assistance
HR,,Education
HR,,"education, managing staff scheduling, and coordinating and documenting treatment."
HR,,Education
HR,,Education and Training
HR,,Education
HR,,"education and materials to managers/employees including workshops, manuals, employee handbooks, and"
HR,,educational and professional goals.
HR,,Education
HR,,Education
HR,,"education, orjob skills."
HR,Java,Education
HR,,Education
HR,,Education
HR,,Education
HR,,Education and Training
HR,,"education, and experience, seeks a similar role to produce immediate growth contribution to a rewarding company."
HR,,Education
HR,,educational information.
HR,,"educational workshops, reviewing professional publications, establishing personal networks"
INFORMATION-TECHNOLOGY,Java,education programs to explain upgrades to end users.
INFORMATION-TECHNOLOGY,,Education
INFORMATION-TECHNOLOGY,"Python, Java",Education
INFORMATION-TECHNOLOGY,,"Education Computer Technician , 07/2006 to 06/2008 Company Name ï¼​ City , State"
INFORMATION-TECHNOLOGY,Java,Education and certificates Troubleshooting q CompTIA A+ certified (2012) q Advanced troubleshooting q CompTIA Net+ certification class q
INFORMATION-TECHNOLOGY,,
INFORMATION-TECHNOLOGY,,education. Excellent record of problem solving and achieving results in high-operations-tempo environments. Successful team leader
INFORMATION-TECHNOLOGY,,Education and Training
INFORMATION-TECHNOLOGY,,Education
INFORMATION-TECHNOLOGY,Data Analysis,"Education Department located on the Main Campus,"
INFORMATION-TECHNOLOGY,,Education
INFORMATION-TECHNOLOGY,,Education
INFORMATION-TECHNOLOGY,"Python, Java, Data Analysis","educational needs of high school students.Instructed classes concerning A+ certification, Cisco certification,"
INFORMATION-TECHNOLOGY,Java,Education
INFORMATION-TECHNOLOGY,,Education
INFORMATION-TECHNOLOGY,Python,Education
INFORMATION-TECHNOLOGY,,Education
INFORMATION-TECHNOLOGY,,Education
INFORMATION-TECHNOLOGY,,Education
INFORMATION-TECHNOLOGY,,Education
INFORMATION-TECHNOLOGY,,educational programs and supported
INFORMATION-TECHNOLOGY,,Education and Training
INFORMATION-TECHNOLOGY,,Education
INFORMATION-TECHNOLOGY,,Education
INFORMATION-TECHNOLOGY,Java,Education
INFORMATION-TECHNOLOGY,,Education
INFORMATION-TECHNOLOGY,Data Analysis,Education
INFORMATION-TECHNOLOGY,,Education Program)
INFORMATION-TECHNOLOGY,,Education
INFORMATION-TECHNOLOGY,,Education
INFORMATION-TECHNOLOGY,,Education
INFORMATION-TECHNOLOGY,,Education and Training
INFORMATION-TECHNOLOGY,"Python, Data Analysis",education
INFORMATION-TECHNOLOGY,,Education
INFORMATION-TECHNOLOGY,,Education
INFORMATION-TECHNOLOGY,,Education
INFORMATION-TECHNOLOGY,,Education
INFORMATION-TECHNOLOGY,,Education course and
INFORMATION-TECHNOLOGY,,education and training in
INFORMATION-TECHNOLOGY,,Education and Training
INFORMATION-TECHNOLOGY,,Education
INFORMATION-TECHNOLOGY,,"education in programming, relational database management and computer technology"
INFORMATION-TECHNOLOGY,Java,educational resources.
INFORMATION-TECHNOLOGY,,Education and Training
INFORMATION-TECHNOLOGY,,Educational Background
INFORMATION-TECHNOLOGY,"Python, Java",
INFORMATION-TECHNOLOGY,Python,Education
INFORMATION-TECHNOLOGY,,education.
INFORMATION-TECHNOLOGY,,Education and Training
INFORMATION-TECHNOLOGY,,Education and Training
INFORMATION-TECHNOLOGY,,Education
INFORMATION-TECHNOLOGY,,Education
INFORMATION-TECHNOLOGY,,Education
INFORMATION-TECHNOLOGY,,education training.
INFORMATION-TECHNOLOGY,,Education and Training
INFORMATION-TECHNOLOGY,,"education I thrive to exceed technical, business, and customer"
INFORMATION-TECHNOLOGY,,Education
INFORMATION-TECHNOLOGY,,Education
INFORMATION-TECHNOLOGY,,Education and Training
INFORMATION-TECHNOLOGY,,Education
INFORMATION-TECHNOLOGY,,Education
INFORMATION-TECHNOLOGY,,Education and Training
INFORMATION-TECHNOLOGY,,Education
INFORMATION-TECHNOLOGY,,Education and Training
INFORMATION-TECHNOLOGY,,Education
INFORMATION-TECHNOLOGY,Data Analysis,education center.
INFORMATION-TECHNOLOGY,Python,Education
INFORMATION-TECHNOLOGY,Java,Education
INFORMATION-TECHNOLOGY,,education connections and supporting equipment
INFORMATION-TECHNOLOGY,Data Analysis,Education. Expertise includes team
INFORMATION-TECHNOLOGY,,Education
INFORMATION-TECHNOLOGY,Data Analysis,Education
INFORMATION-TECHNOLOGY,,Education
INFORMATION-TECHNOLOGY,,Education and Training
INFORMATION-TECHNOLOGY,Data Analysis,Education
INFORMATION-TECHNOLOGY,,Education
INFORMATION-TECHNOLOGY,Data Analysis,Education
INFORMATION-TECHNOLOGY,Java,Education
INFORMATION-TECHNOLOGY,,Education
INFORMATION-TECHNOLOGY,,Education and Training
INFORMATION-TECHNOLOGY,,Education and Training
INFORMATION-TECHNOLOGY,,Education and Training
INFORMATION-TECHNOLOGY,Data Analysis,Education
INFORMATION-TECHNOLOGY,,Education
INFORMATION-TECHNOLOGY,Java,educational & public
INFORMATION-TECHNOLOGY,,Education and Certification
INFORMATION-TECHNOLOGY,,"education, medical and manufacturing environments. Recently, I have been working a great deal with Hyper-"
INFORMATION-TECHNOLOGY,,Educational Group.
INFORMATION-TECHNOLOGY,,Education
INFORMATION-TECHNOLOGY,,Education
INFORMATION-TECHNOLOGY,,Education
INFORMATION-TECHNOLOGY,,Education
INFORMATION-TECHNOLOGY,,Education and Training
INFORMATION-TECHNOLOGY,Java,Education and Training
INFORMATION-TECHNOLOGY,,Education and Training.) Answered phones.
INFORMATION-TECHNOLOGY,,Education
INFORMATION-TECHNOLOGY,Java,"education software, systems and databases."
INFORMATION-TECHNOLOGY,,Education
INFORMATION-TECHNOLOGY,,Education
INFORMATION-TECHNOLOGY,Data Analysis,Education
INFORMATION-TECHNOLOGY,,Education and Training
INFORMATION-TECHNOLOGY,Data Analysis,Education
INFORMATION-TECHNOLOGY,,Education
INFORMATION-TECHNOLOGY,,educational and
INFORMATION-TECHNOLOGY,,Education and Training
INFORMATION-TECHNOLOGY,,Education
INFORMATION-TECHNOLOGY,,Education
INFORMATION-TECHNOLOGY,,Education and Training
INFORMATION-TECHNOLOGY,,"education software, I used Ghost software to image"
INFORMATION-TECHNOLOGY,,education to contribute to company's
INFORMATION-TECHNOLOGY,Java,Education
INFORMATION-TECHNOLOGY,,Education
INFORMATION-TECHNOLOGY,,Education
INFORMATION-TECHNOLOGY,Java,Education
INFORMATION-TECHNOLOGY,Data Analysis,Education
INFORMATION-TECHNOLOGY,,Education and Training
INFORMATION-TECHNOLOGY,,Education
INFORMATION-TECHNOLOGY,,Education and Training
INFORMATION-TECHNOLOGY,,Education
INFORMATION-TECHNOLOGY,,Education
PUBLIC-RELATIONS,,Education
PUBLIC-RELATIONS,,Education
PUBLIC-RELATIONS,,Education
PUBLIC-RELATIONS,,Education
PUBLIC-RELATIONS,,Education
PUBLIC-RELATIONS,,Education
PUBLIC-RELATIONS,,Education
PUBLIC-RELATIONS,,Education
PUBLIC-RELATIONS,,Education
PUBLIC-RELATIONS,,Education
PUBLIC-RELATIONS,,education programming and ensure
PUBLIC-RELATIONS,,education and retailer events.
PUBLIC-RELATIONS,,Education
PUBLIC-RELATIONS,,Education
PUBLIC-RELATIONS,,Education
PUBLIC-RELATIONS,,"education material, including bookmarks and publications, distributed to area schools"
PUBLIC-RELATIONS,,Education
PUBLIC-RELATIONS,,Education
PUBLIC-RELATIONS,,Education
PUBLIC-RELATIONS,,Education
PUBLIC-RELATIONS,Data Analysis,Education
PUBLIC-RELATIONS,,Education
PUBLIC-RELATIONS,,Education
PUBLIC-RELATIONS,Python,Education
PUBLIC-RELATIONS,,"educations, and troubleshoot"
PUBLIC-RELATIONS,,Education
PUBLIC-RELATIONS,,educational programs and the museum store and
PUBLIC-RELATIONS,,education program (Oregon National Guard
PUBLIC-RELATIONS,,education and experience to excel in
PUBLIC-RELATIONS,,"education, financial, healthcare, and sports & entertainment. SKILLED"
PUBLIC-RELATIONS,,Education
PUBLIC-RELATIONS,,"education and outreach plans and materials, including public meeting organization and facilitation, direct mail,"
PUBLIC-RELATIONS,,Education
PUBLIC-RELATIONS,,educational materials.
PUBLIC-RELATIONS,,Education
PUBLIC-RELATIONS,,"education administration for 7 years, predominately in advancement and public relations at both the university and community"
PUBLIC-RELATIONS,,educational experience.
PUBLIC-RELATIONS,,Education
PUBLIC-RELATIONS,,"education and training, etc."
PUBLIC-RELATIONS,,Education
PUBLIC-RELATIONS,,Education
PUBLIC-RELATIONS,,Education
PUBLIC-RELATIONS,,"education and scouts departments on a variety of projects including event planning,"
PUBLIC-RELATIONS,,Education
PUBLIC-RELATIONS,,Education
PUBLIC-RELATIONS,,Education
PUBLIC-RELATIONS,,Education and Training
PUBLIC-RELATIONS,Data Analysis,"educational background in Economics from the University of California Irvine, seeks a career in the financial sector."
PUBLIC-RELATIONS,,Education
PUBLIC-RELATIONS,,Education
PUBLIC-RELATIONS,,"Education: Conduct seminar classroom education; conduct exercises in grammar, punctuation and sentence structure."
PUBLIC-RELATIONS,Machine Learning,Education
PUBLIC-RELATIONS,,Educational Foundation by coordinating fundraising events and promoting student programs.
PUBLIC-RELATIONS,,Education
PUBLIC-RELATIONS,,Education
PUBLIC-RELATIONS,,Education
PUBLIC-RELATIONS,,Education
PUBLIC-RELATIONS,,"education program organized by a pharmateutical company, SOHO Global Health. As per its name, SOHO #BetterU has a vision to"
PUBLIC-RELATIONS,,Education and Training
PUBLIC-RELATIONS,,Education and Training
PUBLIC-RELATIONS,,Education
PUBLIC-RELATIONS,,Education
PUBLIC-RELATIONS,,Education
PUBLIC-RELATIONS,,education. Seeking opportunity to work in a collaborative environment to build professional experience.
PUBLIC-RELATIONS,,Education
PUBLIC-RELATIONS,,Education
PUBLIC-RELATIONS,,Education
PUBLIC-RELATIONS,,Education
PUBLIC-RELATIONS,Data Analysis,education and experience to a job in Sports Management. Areas of proficiency include
PUBLIC-RELATIONS,,Education
PUBLIC-RELATIONS,,"education,"
PUBLIC-RELATIONS,,Education
PUBLIC-RELATIONS,,Education
PUBLIC-RELATIONS,,educational events
PUBLIC-RELATIONS,,Education
PUBLIC-RELATIONS,,educational leadership and customer service I am well versed in communicating
PUBLIC-RELATIONS,,Education
PUBLIC-RELATIONS,,Education and Training
PUBLIC-RELATIONS,,Education
PUBLIC-RELATIONS,,"education models, instructional"
PUBLIC-RELATIONS,,Education
PUBLIC-RELATIONS,,Education and Training
PUBLIC-RELATIONS,,Education
PUBLIC-RELATIONS,,Education
PUBLIC-RELATIONS,,Education and Training
PUBLIC-RELATIONS,,education institutions to recruit and attract skilled job seekers for the grant
PUBLIC-RELATIONS,,Education
PUBLIC-RELATIONS,,Education and Training
PUBLIC-RELATIONS,,educational and research activities successful * Creating evaluation plans
PUBLIC-RELATIONS,,Education
PUBLIC-RELATIONS,,Education
PUBLIC-RELATIONS,,Education
PUBLIC-RELATIONS,,Education
PUBLIC-RELATIONS,,Education
PUBLIC-RELATIONS,,Education
PUBLIC-RELATIONS,,Education
PUBLIC-RELATIONS,,Education
PUBLIC-RELATIONS,,education and sports & recreations building projects.
PUBLIC-RELATIONS,,Education
PUBLIC-RELATIONS,,Educational Tour Bus
PUBLIC-RELATIONS,,Education and Training
PUBLIC-RELATIONS,,Education
PUBLIC-RELATIONS,,"education organizations such as: Washington STEM, WestEd and Education Pioneers"
PUBLIC-RELATIONS,,Education
PUBLIC-RELATIONS,,Education
PUBLIC-RELATIONS,,education
PUBLIC-RELATIONS,,Education
PUBLIC-RELATIONS,,education provider for participating primary and
PUBLIC-RELATIONS,,"education programs, more practitioners pursing/ obtaining IREM certification and membership, and more college/university students"
PUBLIC-RELATIONS,Data Analysis,"educational materials and conduct software training for staff Manage,"
PUBLIC-RELATIONS,,Education
SALES,,Education
SALES,,"Education and Training Seminars: Wilson Learning System Sales Training, Zig Ziglar, Motivation Training, Sandler Sales Training, Dale"
SALES,,Education
SALES,,Education
SALES,,Education
SALES,,Education
SALES,"Machine Learning, Data Analysis",Education and Training
SALES,,Education
SALES,,Education
SALES,,Education
SALES,,Education
SALES,,Education and Training
SALES,,Education and Training
SALES,,Education
SALES,,Education
SALES,,Education
SALES,,Education and Training
SALES,,Education
SALES,,Education
SALES,,Education
SALES,,Education
SALES,,Education
SALES,,Education and Training
SALES,,Education
SALES,,"education of the industry by attending trade shows,"
SALES,,Education
SALES,,Educational Background
SALES,,
SALES,,Education
SALES,,Education and Training
SALES,,Education and Professional Placement
SALES,,Education
SALES,,Education
SALES,,Education and Training
SALES,,Education
SALES,,Education and Training
SALES,,Education and Training
SALES,,Education
SALES,,Education
SALES,,Education
SALES,,education Managed all day to day facility operations Responsible for payroll oversight and related approvals.
SALES,,Education and Training
SALES,,Education
SALES,,Education
SALES,,Education
SALES,,Education
SALES,,Education and Training
SALES,,Education
SALES,,Education
SALES,,Educational Background
SALES,,Education
SALES,,Education
SALES,,Educational Background
SALES,Java,"educational background and the experience which I have gained in my previous position, I can effectively connect with"
SALES,,Education
SALES,,Education
SALES,,Education
SALES,,Education
SALES,,Educational Background
SALES,Data Analysis,
SALES,,education for all onsite crew members.
SALES,,Education
SALES,,"education, training, and certification of new and experienced employees"
SALES,,Education
SALES,Data Analysis,Education and Training
SALES,,Education
SALES,,Education
SALES,,Education and Training
SALES,,Education and Training
SALES,,Education
SALES,,Education
SALES,,Education
SALES,,Education
SALES,,Education
SALES,,Education
SALES,,Education
SALES,,Education
SALES,,Education and Training
SALES,,Education
SALES,,Education and Training
SALES,,Education
SALES,,Education
SALES,,Education
SALES,,Education and Training
SALES,,educational products at seminars and special events.
SALES,,Education
SALES,,Education
SALES,,Education
SALES,,Education
SALES,,Education
SALES,,education opportunities for all staff
SALES,,Education
SALES,,Education and Training
SALES,,Educational and
SALES,,education and experience will set me apart from the rest. Many would describe my character
SALES,,Education and Training
SALES,,Education
SALES,,Education
SALES,,Education
SALES,,Education
SALES,,"Education Assistance Program for four years. I also enjoy the outdoors, spending time with family and friends."
SALES,,Education
SALES,,Education and Training
SALES,,Education
SALES,,Education
SALES,,Education and Training
SALES,,Education and Training
SALES,,Education
SALES,,Education
SALES,,"education, recruiting, or sales, understanding that I am existing within/leading a team allows me to clearly understand the task at"
SALES,,Education
SALES,,Education
SALES,,Education and Training
SALES,,Education
SALES,,Education and Training
SALES,,Education and Training
TEACHER,,education teachers while executing modifications in student IEP and 504 plans.
TEACHER,,educational development objectives.
TEACHER,,Education
TEACHER,,education director to provide and maintain a positive and appropriate educational program that meets the
TEACHER,,Education
TEACHER,,educational priorities and issues.
TEACHER,,"Education Plan IEP meetings with administrators, faculty, parents, and other parties involved to"
TEACHER,,"education on Psychology and pursuing my teaching certification,ha been the best professional accomplishment I have achieved. The"
TEACHER,,Education
TEACHER,,educational equity.Â
TEACHER,,Education professional driven to create an environment that promotes hands-on learning for children at all stages of the learning process.
TEACHER,,Education
TEACHER,,"Education Tutor | Company Name | City , State"
TEACHER,,Education and Training
TEACHER,,Education
TEACHER,,Education and Training
TEACHER,,educational strategies to design lesson plans and instruct alignment; students at a variety of
TEACHER,,Education Agency
TEACHER,,educational
TEACHER,,"educational assessments, similar to report cards, to each parent."
TEACHER,,education teachers to modify curricula for special education students according to Individual Education
TEACHER,,Education endorsement
TEACHER,,education professional driven to inspire students to achieve personal and academic success.
TEACHER,,education students.
TEACHER,,Education Summer School; James Irvin Education Center; Housed at Wesley Chapel High School.
TEACHER,,education. Passionate about child development and
TEACHER,,"education students, collaboratively teaching with special"
TEACHER,,Education Service Award in 2010
TEACHER,,education requirements and behavioral modification practices. Empathetic professional who is accommodating to the development of lesson plans.
TEACHER,,educational philosophy and goals of our district as related to TEKS education requirements.
TEACHER,,Education
TEACHER,,Education
TEACHER,,education specialist for three years.
TEACHER,,education principles while complying with IEP and ARD goals.
TEACHER,,Education Program goals.
TEACHER,,educational issues.
TEACHER,,Educational Outcomes:
TEACHER,,"Education Coordinator position with a company that will allow me to fully manage curriculum development, coordinate on the job"
TEACHER,,educational experience.
TEACHER,,education curriculum for special-needs students based upon a variety of instructional techniques and technologies.
TEACHER,,Education
TEACHER,,"educational, office, and customer service environments. Degree in social work and TESOL certified, teaching English to speakers of other"
TEACHER,,"education, work in both civilIan and military experience,"
TEACHER,,Education(AAS OF ECE) certification. Proficient in: Weekly Educational Project
TEACHER,,educational
TEACHER,,education and well being.
TEACHER,,"educational, or corporate environment."
TEACHER,,education  to  food
TEACHER,,Education
TEACHER,,education and grasp of materials.
TEACHER,,educational
TEACHER,,Education and Training
TEACHER,,Education Teacher with excellent communication skills demonstrated by 10 years of teaching experience. Skilled special
TEACHER,,educational process.
TEACHER,,Education
TEACHER,,Education and Training
TEACHER,,Education and Training
TEACHER,,"education, with strong emphasis in children's development. Consistently exceed teaching"
TEACHER,Data Analysis,EDUCATION PROFESSIONAL SEEKING DIRECTOR POSITION Passionate educator who strongly believes
TEACHER,,"Education Teacher with proven skills in classroom management, behavior modification and individualized"
TEACHER,,Education
TEACHER,,Education
TEACHER,,educational arena
TEACHER,,Education
TEACHER,,"Education Teacher Company Name ï¼​ City , State"
TEACHER,,Education
TEACHER,,Education
TEACHER,,"educational needs of culturally, racially, and socio-"
TEACHER,,education in Broward County.Â
TEACHER,,educational assessments to show
TEACHER,,Education from Kansas State University and Sterling College. (1999) I
TEACHER,,Education
TEACHER,,Education
TEACHER,,Education endorsement
TEACHER,,Education
TEACHER,,"education, administering injections (IM, ID,"
TEACHER,,Education
TEACHER,,Education
TEACHER,Data Analysis,Education
TEACHER,,educational goals.
TEACHER,,educational issues.Creative preschool teacher who supports all learning styles. Implements the
TEACHER,,Education
TEACHER,,Education
TEACHER,,education and reinforce core concepts.
TEACHER,,"Educational professional accomplished in organizing teacher curricula, creating full year course pacing guides, creating and implementing engaging"
TEACHER,,education and ESL teachers to modify
TEACHER,,Education and Training
TEACHER,,educational progress with individual charts and files.
TEACHER,,Education Program) and Triennial (Eligibility) meetings.
TEACHER,,educational setting. Contributes to the success of
TEACHER,,Education.
TEACHER,,Education and Training
TEACHER,,Education and Training
TEACHER,,Education/Career goals of obtaining my BA in Psychology in order to demonstrate my passion working with
TEACHER,,education students in both a general education
TEACHER,,"education professional, with a background in instructional design, seeking opportunities to develop materials, activities, and tools that"
TEACHER,,Education
TEACHER,,Education
TEACHER,,educational software and the Internet.
TEACHER,,Education
TEACHER,,"education professional with diverse experience in planning and implementing various activities for promoting physical, social,"
TEACHER,,Education and Training
